cod_dpto;dpto;cod_mpio;mpio;pob;NBI;def_hab_cuanti
05;ANTIOQUIA;05001;MEDELLÍN;2427129;5.23;2.02
05;ANTIOQUIA;05002;ABEJORRAL;20367;13.96;1.41
05;ANTIOQUIA;05004;ABRIAQUÍ;2695;11.63;15.85
05;ANTIOQUIA;05021;ALEJANDRÍA;4657;12.68;4.55
05;ANTIOQUIA;05030;AMAGÁ;30227;9.66;2.16
05;ANTIOQUIA;05031;AMALFI;25962;22.38;26.85
05;ANTIOQUIA;05034;ANDES;43269;12.29;2.36
05;ANTIOQUIA;05036;ANGELÓPOLIS;5756;13.03;3.48
05;ANTIOQUIA;05038;ANGOSTURA;11437;20.52;2.29
05;ANTIOQUIA;05040;ANORÍ;18321;28.00;31.52
05;ANTIOQUIA;05042;SANTAFÉ DE ANTIOQUIA;26164;14.13;4.10
05;ANTIOQUIA;05044;ANZA;7010;16.33;3.74
05;ANTIOQUIA;05045;APARTADÓ;121003;14.67;14.43
05;ANTIOQUIA;05051;ARBOLETES;29295;62.49;63.69
05;ANTIOQUIA;05055;ARGELIA;7689;17.14;10.29
05;ANTIOQUIA;05059;ARMENIA;5139;8.36;2.92
05;ANTIOQUIA;05079;BARBOSA;51969;7.01;1.87
05;ANTIOQUIA;05086;BELMIRA;6000;13.39;3.97
05;ANTIOQUIA;05088;BELLO;522264;5.58;4.17
05;ANTIOQUIA;05091;BETANIA;10323;16.22;4.06
05;ANTIOQUIA;05093;BETULIA;15607;17.18;2.71
05;ANTIOQUIA;05101;CIUDAD BOLÍVAR;26118;11.85;1.88
05;ANTIOQUIA;05107;BRICEÑO;8039;25.66;10.88
05;ANTIOQUIA;05113;BURITICÁ;9354;29.14;4.47
05;ANTIOQUIA;05120;CÁCERES;28996;49.83;47.92
05;ANTIOQUIA;05125;CAICEDO;8297;18.62;1.92
05;ANTIOQUIA;05129;CALDAS;79638;5.47;1.69
05;ANTIOQUIA;05134;CAMPAMENTO;9203;24.64;7.10
05;ANTIOQUIA;05138;CAÑASGORDAS;15523;22.79;4.40
05;ANTIOQUIA;05142;CARACOLÍ;4582;12.14;9.13
05;ANTIOQUIA;05145;CARAMANTA;4743;8.92;1.51
05;ANTIOQUIA;05147;CAREPA;47932;20.98;18.70
05;ANTIOQUIA;05148;EL CARMEN DE VIBORAL;59416;5.85;1.85
05;ANTIOQUIA;05150;CAROLINA;3954;6.23;2.00
05;ANTIOQUIA;05154;CAUCASIA;90213;22.10;19.95
05;ANTIOQUIA;05172;CHIGORODÓ;57375;21.19;14.27
05;ANTIOQUIA;05190;CISNEROS;9775;13.24;4.02
05;ANTIOQUIA;05197;COCORNÁ;15444;14.31;4.35
05;ANTIOQUIA;05206;CONCEPCIÓN;4797;12.48;2.14
05;ANTIOQUIA;05209;CONCORDIA;21377;18.54;1.90
05;ANTIOQUIA;05212;COPACABANA;77884;3.81;1.48
05;ANTIOQUIA;05234;DABEIBA;23044;47.26;30.18
05;ANTIOQUIA;05237;DON MATÍAS;18902;6.10;0.72
05;ANTIOQUIA;05240;EBÉJICO;12158;13.89;1.70
05;ANTIOQUIA;05250;EL BAGRE;51862;35.62;32.49
05;ANTIOQUIA;05264;ENTRERRIOS;11159;7.03;0.93
05;ANTIOQUIA;05266;ENVIGADO;228848;2.07;0.69
05;ANTIOQUIA;05282;FREDONIA;24408;11.13;2.37
05;ANTIOQUIA;05284;FRONTINO;20739;34.10;14.28
05;ANTIOQUIA;05306;GIRALDO;5544;15.36;3.50
05;ANTIOQUIA;05308;GIRARDOTA;51662;5.05;1.28
05;ANTIOQUIA;05310;GÓMEZ PLATA;9753;10.40;2.54
05;ANTIOQUIA;05313;GRANADA;10117;11.04;2.30
05;ANTIOQUIA;05315;GUADALUPE;6560;15.32;3.39
05;ANTIOQUIA;05318;GUARNE;55121;6.21;2.46
05;ANTIOQUIA;05321;GUATAPÉ;8363;4.36;0.77
05;ANTIOQUIA;05347;HELICONIA;5451;12.42;1.80
05;ANTIOQUIA;05353;HISPANIA;5469;12.12;1.17
05;ANTIOQUIA;05360;ITAGUI;276744;3.95;1.83
05;ANTIOQUIA;05361;ITUANGO;27074;35.71;20.42
05;ANTIOQUIA;05364;JARDÍN;14518;9.79;6.87
05;ANTIOQUIA;05368;JERICÓ;13640;9.05;2.13
05;ANTIOQUIA;05376;LA CEJA;64889;4.11;1.81
05;ANTIOQUIA;05380;LA ESTRELLA;71545;3.51;1.30
05;ANTIOQUIA;05390;LA PINTADA;8114;12.85;6.71
05;ANTIOQUIA;05400;LA UNIÓN;21475;6.67;0.90
05;ANTIOQUIA;05411;LIBORINA;10028;13.86;0.97
05;ANTIOQUIA;05425;MACEO;8221;13.18;9.76
05;ANTIOQUIA;05440;MARINILLA;64645;5.09;3.43
05;ANTIOQUIA;05467;MONTEBELLO;6680;15.52;2.39
05;ANTIOQUIA;05475;MURINDÓ;4911;81.73;95.31
05;ANTIOQUIA;05480;MUTATÁ;13991;43.37;48.88
05;ANTIOQUIA;05483;NARIÑO;10153;15.64;4.93
05;ANTIOQUIA;05490;NECOCLÍ;42281;57.63;58.09
05;ANTIOQUIA;05495;NECHÍ;25790;54.34;54.92
05;ANTIOQUIA;05501;OLAYA;3127;12.03;4.38
05;ANTIOQUIA;05541;PEÑOL;21049;6.86;1.13
05;ANTIOQUIA;05543;PEQUE;8097;27.36;5.57
05;ANTIOQUIA;05576;PUEBLORRICO;8664;15.86;2.07
05;ANTIOQUIA;05579;PUERTO BERRÍO;39314;13.77;21.48
05;ANTIOQUIA;05585;PUERTO NARE;14380;13.75;15.47
05;ANTIOQUIA;05591;PUERTO TRIUNFO;18055;13.15;10.27
05;ANTIOQUIA;05604;REMEDIOS;28415;22.20;28.05
05;ANTIOQUIA;05607;RETIRO;23514;4.61;2.81
05;ANTIOQUIA;05615;RIONEGRO;135465;5.20;2.00
05;ANTIOQUIA;05628;SABANALARGA;9032;27.57;2.59
05;ANTIOQUIA;05631;SABANETA;82375;1.59;0.46
05;ANTIOQUIA;05642;SALGAR;18258;16.59;2.52
05;ANTIOQUIA;05647;SAN ANDRÉS DE CUERQUÍA;7235;24.54;6.64
05;ANTIOQUIA;05649;SAN CARLOS;16247;12.07;4.90
05;ANTIOQUIA;05652;SAN FRANCISCO;5648;19.80;16.39
05;ANTIOQUIA;05656;SAN JERÓNIMO;15361;13.29;2.13
05;ANTIOQUIA;05658;SAN JOSÉ DE LA MONTAÑA;3646;10.23;2.07
05;ANTIOQUIA;05659;SAN JUAN DE URABÁ;20093;59.82;59.51
05;ANTIOQUIA;05660;SAN LUIS;12995;12.99;7.90
05;ANTIOQUIA;05664;SAN PEDRO;21949;6.67;1.35
05;ANTIOQUIA;05665;SAN PEDRO DE URABA;30932;66.14;59.83
05;ANTIOQUIA;05667;SAN RAFAEL;15698;11.12;3.13
05;ANTIOQUIA;05670;SAN ROQUE;21519;14.85;5.88
05;ANTIOQUIA;05674;SAN VICENTE;22093;10.97;2.61
05;ANTIOQUIA;05679;SANTA BÁRBARA;26784;9.81;1.29
05;ANTIOQUIA;05686;SANTA ROSA DE OSOS;36318;9.23;1.20
05;ANTIOQUIA;05690;SANTO DOMINGO;12394;11.54;1.93
05;ANTIOQUIA;05697;EL SANTUARIO;35422;6.80;1.45
05;ANTIOQUIA;05736;SEGOVIA;37900;23.15;21.47
05;ANTIOQUIA;05756;SONSON;36321;13.24;8.51
05;ANTIOQUIA;05761;SOPETRÁN;15053;11.31;1.96
05;ANTIOQUIA;05789;TÁMESIS;16281;12.41;2.93
05;ANTIOQUIA;05790;TARAZÁ;26964;32.42;30.17
05;ANTIOQUIA;05792;TARSO;6184;16.24;4.36
05;ANTIOQUIA;05809;TITIRIBÍ;10775;11.22;1.26
05;ANTIOQUIA;05819;TOLEDO;4993;23.91;4.93
05;ANTIOQUIA;05837;TURBO;124552;39.15;38.63
05;ANTIOQUIA;05842;URAMITA;6888;27.10;12.38
05;ANTIOQUIA;05847;URRAO;30127;24.45;18.51
05;ANTIOQUIA;05854;VALDIVIA;13801;26.97;21.74
05;ANTIOQUIA;05856;VALPARAÍSO;6498;8.88;1.85
05;ANTIOQUIA;05858;VEGACHÍ;11810;22.03;15.66
05;ANTIOQUIA;05861;VENECIA;11602;9.63;1.90
05;ANTIOQUIA;05873;VIGÍA DEL FUERTE;9093;78.25;96.09
05;ANTIOQUIA;05885;YALÍ;7608;21.78;16.92
05;ANTIOQUIA;05887;YARUMAL;41542;11.75;3.15
05;ANTIOQUIA;05890;YOLOMBÓ;22538;16.12;7.45
05;ANTIOQUIA;05893;YONDÓ;19040;26.01;37.82
05;ANTIOQUIA;05895;ZARAGOZA;24651;45.77;49.16
08;ATLÁNTICO;08001;BARRANQUILLA;1206319;9.10;5.13
08;ATLÁNTICO;08078;BARANOA;62382;14.28;10.87
08;ATLÁNTICO;08137;CAMPO DE LA CRUZ;22879;34.98;15.07
08;ATLÁNTICO;08141;CANDELARIA;15982;32.96;14.16
08;ATLÁNTICO;08296;GALAPA;60708;13.65;9.72
08;ATLÁNTICO;08372;JUAN DE ACOSTA;20999;17.85;10.68
08;ATLÁNTICO;08421;LURUACO;28175;24.83;10.57
08;ATLÁNTICO;08433;MALAMBO;128203;12.92;6.83
08;ATLÁNTICO;08436;MANATÍ;19808;23.87;17.13
08;ATLÁNTICO;08520;PALMAR DE VARELA;28932;18.16;16.65
08;ATLÁNTICO;08549;PIOJÓ;6608;20.51;13.16
08;ATLÁNTICO;08558;POLONUEVO;18197;13.33;16.78
08;ATLÁNTICO;08560;PONEDERA;23848;23.21;17.68
08;ATLÁNTICO;08573;PUERTO COLOMBIA;49264;9.17;7.31
08;ATLÁNTICO;08606;REPELÓN;26200;29.53;10.53
08;ATLÁNTICO;08634;SABANAGRANDE;32334;16.33;11.27
08;ATLÁNTICO;08638;SABANALARGA;93261;18.14;11.38
08;ATLÁNTICO;08675;SANTA LUCÍA;16023;33.09;20.89
08;ATLÁNTICO;08685;SANTO TOMÁS;29829;14.79;12.09
08;ATLÁNTICO;08758;SOLEDAD;603999;8.03;5.01
08;ATLÁNTICO;08770;SUAN;11940;18.27;16.28
08;ATLÁNTICO;08832;TUBARÁ;17377;16.13;16.43
08;ATLÁNTICO;08849;USIACURÍ;12250;13.60;20.06
11;BOGOTÁ, D.C.;11001;BOGOTÁ, D.C.;7412566;3.47;3.86
13;BOLÍVAR;13001;CARTAGENA;973045;12.49;10.30
13;BOLÍVAR;13006;ACHÍ;24352;55.92;52.60
13;BOLÍVAR;13030;ALTOS DEL ROSARIO;10972;58.45;50.90
13;BOLÍVAR;13042;ARENAL;7365;36.27;28.36
13;BOLÍVAR;13052;ARJONA;69503;26.98;15.20
13;BOLÍVAR;13062;ARROYOHONDO;8254;41.87;17.66
13;BOLÍVAR;13074;BARRANCO DE LOBA;14836;47.01;38.00
13;BOLÍVAR;13140;CALAMAR;22474;40.80;11.17
13;BOLÍVAR;13160;CANTAGALLO;8234;39.35;46.44
13;BOLÍVAR;13188;CICUCO;13442;33.94;20.28
13;BOLÍVAR;13212;CÓRDOBA;15960;29.95;12.69
13;BOLÍVAR;13222;CLEMENCIA;14511;84.94;31.24
13;BOLÍVAR;13244;EL CARMEN DE BOLÍVAR;70131;41.55;20.23
13;BOLÍVAR;13248;EL GUAMO;8647;29.40;15.35
13;BOLÍVAR;13268;EL PEÑÓN;7651;47.87;38.81
13;BOLÍVAR;13300;HATILLO DE LOBA;12317;50.45;34.47
13;BOLÍVAR;13430;MAGANGUÉ;133270;26.45;15.45
13;BOLÍVAR;13433;MAHATES;27692;28.64;15.82
13;BOLÍVAR;13440;MARGARITA;10673;36.70;22.49
13;BOLÍVAR;13442;MARÍA LA BAJA;46112;46.60;24.00
13;BOLÍVAR;13458;MONTECRISTO;16389;63.11;77.10
13;BOLÍVAR;13468;MOMPÓS;44442;29.20;14.31
13;BOLÍVAR;13473;MORALES;22259;58.69;58.35
13;BOLÍVAR;13490;NOROSÍ;9212;66.33;74.47
13;BOLÍVAR;13549;PINILLOS;24218;62.37;53.63
13;BOLÍVAR;13580;REGIDOR;6723;27.01;30.52
13;BOLÍVAR;13600;RÍO VIEJO ;10598;43.53;46.15
13;BOLÍVAR;13620;SAN CRISTÓBAL;8054;25.60;17.63
13;BOLÍVAR;13647;SAN ESTANISLAO;18251;32.86;17.73
13;BOLÍVAR;13650;SAN FERNANDO;12536;40.73;29.40
13;BOLÍVAR;13654;SAN JACINTO;23913;93.44;12.23
13;BOLÍVAR;13655;SAN JACINTO DEL CAUCA;9935;65.05;61.22
13;BOLÍVAR;13657;SAN JUAN NEPOMUCENO;36874;38.39;13.67
13;BOLÍVAR;13667;SAN MARTÍN DE LOBA;14774;45.59;36.55
13;BOLÍVAR;13670;SAN PABLO;27190;39.07;38.58
13;BOLÍVAR;13673;SANTA CATALINA;14563;57.78;15.97
13;BOLÍVAR;13683;SANTA ROSA;20963;70.91;39.76
13;BOLÍVAR;13688;SANTA ROSA DEL SUR;32646;28.06;37.91
13;BOLÍVAR;13744;SIMITÍ;18110;34.59;35.67
13;BOLÍVAR;13760;SOPLAVIENTO;10650;28.29;14.62
13;BOLÍVAR;13780;TALAIGUA NUEVO;13108;26.34;13.85
13;BOLÍVAR;13810;TIQUISIO;18035;60.31;60.78
13;BOLÍVAR;13836;TURBACO;105166;17.19;9.38
13;BOLÍVAR;13838;TURBANÁ;16403;48.57;17.11
13;BOLÍVAR;13873;VILLANUEVA;23777;39.93;41.05
13;BOLÍVAR;13894;ZAMBRANO;11880;41.91;17.13
15;BOYACÁ;15001;TUNJA;172548;3.63;1.46
15;BOYACÁ;15022;ALMEIDA;1910;7.46;5.07
15;BOYACÁ;15047;AQUITANIA;15377;13.00;9.46
15;BOYACÁ;15051;ARCABUCO;5831;8.94;1.21
15;BOYACÁ;15087;BELÉN;7481;7.63;1.87
15;BOYACÁ;15090;BERBEO;1596;15.05;21.22
15;BOYACÁ;15092;BETÉITIVA;1963;11.13;3.74
15;BOYACÁ;15097;BOAVITA;5059;19.75;5.45
15;BOYACÁ;15104;BOYACÁ;5089;11.23;1.77
15;BOYACÁ;15106;BRICEÑO;2198;15.61;42.13
15;BOYACÁ;15109;BUENAVISTA;4409;14.60;11.05
15;BOYACÁ;15114;BUSBANZÁ;1118;10.38;6.23
15;BOYACÁ;15131;CALDAS;3143;15.33;3.69
15;BOYACÁ;15135;CAMPOHERMOSO;3121;20.74;20.18
15;BOYACÁ;15162;CERINZA;3713;8.61;1.07
15;BOYACÁ;15172;CHINAVITA;3209;13.36;4.78
15;BOYACÁ;15176;CHIQUINQUIRÁ;56054;5.28;2.15
15;BOYACÁ;15180;CHISCAS;3994;28.83;4.16
15;BOYACÁ;15183;CHITA;8045;42.73;11.46
15;BOYACÁ;15185;CHITARAQUE;5830;22.92;14.53
15;BOYACÁ;15187;CHIVATÁ;2788;20.55;1.32
15;BOYACÁ;15189;CIÉNEGA;4635;10.00;3.25
15;BOYACÁ;15204;CÓMBITA;12970;10.52;0.79
15;BOYACÁ;15212;COPER;3619;13.85;14.56
15;BOYACÁ;15215;CORRALES;2498;14.60;3.88
15;BOYACÁ;15218;COVARACHÍA;2806;26.83;2.23
15;BOYACÁ;15223;CUBARÁ;10319;61.10;31.65
15;BOYACÁ;15224;CUCAITA;3725;10.96;3.83
15;BOYACÁ;15226;CUÍTIVA;1798;9.58;2.01
15;BOYACÁ;15232;CHÍQUIZA;4684;17.76;1.63
15;BOYACÁ;15236;CHIVOR;2479;16.84;19.36
15;BOYACÁ;15238;DUITAMA;122436;3.38;0.86
15;BOYACÁ;15244;EL COCUY;4215;30.90;6.43
15;BOYACÁ;15248;EL ESPINO;3061;13.13;1.85
15;BOYACÁ;15272;FIRAVITOBA;6662;6.53;1.38
15;BOYACÁ;15276;FLORESTA;3266;15.67;1.98
15;BOYACÁ;15293;GACHANTIVÁ;2789;10.46;1.02
15;BOYACÁ;15296;GAMEZA;4850;14.63;2.14
15;BOYACÁ;15299;GARAGOA;17932;7.31;3.24
15;BOYACÁ;15317;GUACAMAYAS;1865;11.68;3.26
15;BOYACÁ;15322;GUATEQUE;10699;6.78;3.10
15;BOYACÁ;15325;GUAYATÁ;3400;9.94;3.56
15;BOYACÁ;15332;GÜICÁN;4279;29.74;7.35
15;BOYACÁ;15362;IZA;1947;8.54;5.22
15;BOYACÁ;15367;JENESANO;7200;12.11;1.67
15;BOYACÁ;15368;JERICÓ;3929;36.07;6.26
15;BOYACÁ;15377;LABRANZAGRANDE;3526;37.01;28.30
15;BOYACÁ;15380;LA CAPILLA;2689;7.14;2.55
15;BOYACÁ;15401;LA VICTORIA;1118;16.84;24.61
15;BOYACÁ;15403;LA UVITA;2999;13.12;4.40
15;BOYACÁ;15407;VILLA DE LEYVA;16139;8.27;2.66
15;BOYACÁ;15425;MACANAL;4976;7.88;8.38
15;BOYACÁ;15442;MARIPÍ;5741;32.03;40.16
15;BOYACÁ;15455;MIRAFLORES;8847;7.68;10.57
15;BOYACÁ;15464;MONGUA;4636;20.81;10.20
15;BOYACÁ;15466;MONGUÍ;4234;12.07;3.03
15;BOYACÁ;15469;MONIQUIRÁ;22572;9.83;2.55
15;BOYACÁ;15476;MOTAVITA;5569;15.27;2.60
15;BOYACÁ;15480;MUZO;8597;23.06;43.17
15;BOYACÁ;15491;NOBSA;15976;4.03;1.83
15;BOYACÁ;15494;NUEVO COLÓN;5121;15.22;2.00
15;BOYACÁ;15500;OICATÁ;2821;6.61;2.57
15;BOYACÁ;15507;OTANCHE;8018;27.57;66.39
15;BOYACÁ;15511;PACHAVITA;2467;8.62;2.53
15;BOYACÁ;15514;PÁEZ;3283;13.23;20.24
15;BOYACÁ;15516;PAIPA;33535;5.12;1.85
15;BOYACÁ;15518;PAJARITO;2390;11.35;17.02
15;BOYACÁ;15522;PANQUEBA;1717;15.19;4.55
15;BOYACÁ;15531;PAUNA;7185;25.95;45.70
15;BOYACÁ;15533;PAYA;2593;59.34;41.24
15;BOYACÁ;15537;PAZ DE RÍO;4285;7.10;1.39
15;BOYACÁ;15542;PESCA;6852;12.86;3.01
15;BOYACÁ;15550;PISBA;1763;34.01;11.97
15;BOYACÁ;15572;PUERTO BOYACÁ;46736;14.21;17.63
15;BOYACÁ;15580;QUÍPAMA;4889;40.46;57.82
15;BOYACÁ;15599;RAMIRIQUÍ;9887;12.22;1.50
15;BOYACÁ;15600;RÁQUIRA;7877;14.04;2.52
15;BOYACÁ;15621;RONDÓN;2407;7.91;4.07
15;BOYACÁ;15632;SABOYÁ;13588;15.99;5.50
15;BOYACÁ;15638;SÁCHICA;5452;9.02;3.02
15;BOYACÁ;15646;SAMACÁ;18298;9.28;1.67
15;BOYACÁ;15660;SAN EDUARDO;1701;12.07;22.05
15;BOYACÁ;15664;SAN JOSÉ DE PARE;4988;17.71;6.76
15;BOYACÁ;15667;SAN LUIS DE GACENO;5499;15.28;19.01
15;BOYACÁ;15673;SAN MATEO;3332;20.47;2.42
15;BOYACÁ;15676;SAN MIGUEL DE SEMA;3009;8.89;4.94
15;BOYACÁ;15681;SAN PABLO DE BORBUR;6608;22.55;66.99
15;BOYACÁ;15686;SANTANA;7565;15.36;6.53
15;BOYACÁ;15690;SANTA MARÍA;3559;10.83;12.67
15;BOYACÁ;15693;SANTA ROSA DE VITERBO;13066;6.30;1.48
15;BOYACÁ;15696;SANTA SOFÍA;3179;10.05;4.37
15;BOYACÁ;15720;SATIVANORTE;2221;21.16;2.38
15;BOYACÁ;15723;SATIVASUR;1097;7.66;2.34
15;BOYACÁ;15740;SIACHOQUE;6729;19.78;1.65
15;BOYACÁ;15753;SOATÁ;9066;7.59;0.93
15;BOYACÁ;15755;SOCOTÁ;7298;27.31;4.63
15;BOYACÁ;15757;SOCHA;7938;9.02;2.10
15;BOYACÁ;15759;SOGAMOSO;127235;3.59;0.74
15;BOYACÁ;15761;SOMONDOCO;2910;8.93;2.70
15;BOYACÁ;15762;SORA;3019;14.81;4.31
15;BOYACÁ;15763;SOTAQUIRÁ;8162;18.36;3.27
15;BOYACÁ;15764;SORACÁ;5954;11.30;1.53
15;BOYACÁ;15774;SUSACÓN;2717;14.99;2.91
15;BOYACÁ;15776;SUTAMARCHÁN;6092;11.14;0.82
15;BOYACÁ;15778;SUTATENZA;4233;11.75;3.82
15;BOYACÁ;15790;TASCO;5882;10.76;3.78
15;BOYACÁ;15798;TENZA;3851;9.40;4.01
15;BOYACÁ;15804;TIBANÁ;9051;14.59;1.78
15;BOYACÁ;15806;TIBASOSA;12940;7.00;1.58
15;BOYACÁ;15808;TINJACÁ;3266;11.89;2.73
15;BOYACÁ;15810;TIPACOQUE;3323;24.41;5.26
15;BOYACÁ;15814;TOCA;8767;9.89;2.15
15;BOYACÁ;15816;TOGÜÍ;4335;25.36;10.73
15;BOYACÁ;15820;TÓPAGA;3617;12.15;1.71
15;BOYACÁ;15822;TOTA;5179;16.71;0.35
15;BOYACÁ;15832;TUNUNGUÁ;1540;20.90;46.20
15;BOYACÁ;15835;TURMEQUÉ;6118;12.13;1.22
15;BOYACÁ;15837;TUTA;8266;11.73;2.73
15;BOYACÁ;15839;TUTAZÁ;2040;16.00;0.85
15;BOYACÁ;15842;UMBITA;7530;10.20;2.14
15;BOYACÁ;15861;VENTAQUEMADA;15706;6.71;3.19
15;BOYACÁ;15879;VIRACACHÁ;2837;13.25;2.02
15;BOYACÁ;15897;ZETAQUIRA;4629;19.41;17.13
17;CALDAS;17001;MANIZALES;434403;6.20;3.79
17;CALDAS;17013;AGUADAS;22823;11.01;2.86
17;CALDAS;17042;ANSERMA;36149;10.67;5.50
17;CALDAS;17050;ARANZAZU;10557;9.83;2.52
17;CALDAS;17088;BELALCÁZAR;10660;17.82;7.84
17;CALDAS;17174;CHINCHINÁ;51271;7.99;4.15
17;CALDAS;17272;FILADELFIA;11451;10.85;2.49
17;CALDAS;17380;LA DORADA;71905;12.60;9.14
17;CALDAS;17388;LA MERCED;6003;12.25;15.09
17;CALDAS;17433;MANZANARES;17928;17.14;18.15
17;CALDAS;17442;MARMATO;8888;14.66;4.98
17;CALDAS;17444;MARQUETALIA;13245;12.72;12.82
17;CALDAS;17446;MARULANDA;2607;7.88;40.48
17;CALDAS;17486;NEIRA;21024;11.78;7.57
17;CALDAS;17495;NORCASIA;6022;18.01;21.27
17;CALDAS;17513;PÁCORA;15325;13.26;1.97
17;CALDAS;17524;PALESTINA;15555;9.25;8.29
17;CALDAS;17541;PENSILVANIA;19908;10.70;43.53
17;CALDAS;17614;RIOSUCIO;50775;11.31;6.35
17;CALDAS;17616;RISARALDA;10815;11.46;7.73
17;CALDAS;17653;SALAMINA;19467;10.30;5.55
17;CALDAS;17662;SAMANÁ;20454;13.53;21.93
17;CALDAS;17665;SAN JOSÉ;4835;13.75;4.95
17;CALDAS;17777;SUPÍA;28642;11.18;2.10
17;CALDAS;17867;VICTORIA;10157;13.55;7.84
17;CALDAS;17873;VILLAMARÍA;64652;6.86;4.08
17;CALDAS;17877;VITERBO;12734;8.72;2.34
18;CAQUETÁ;18001;FLORENCIA;168346;14.51;14.84
18;CAQUETÁ;18029;ALBANIA;4675;20.17;33.42
18;CAQUETÁ;18094;BELÉN DE LOS ANDAQUIES;11021;28.49;34.71
18;CAQUETÁ;18150;CARTAGENA DEL CHAIRÁ;30399;38.15;61.23
18;CAQUETÁ;18205;CURILLO;7593;22.97;46.91
18;CAQUETÁ;18247;EL DONCELLO;19294;20.41;25.53
18;CAQUETÁ;18256;EL PAUJIL;18036;24.29;44.62
18;CAQUETÁ;18410;LA MONTAÑITA;14714;32.85;57.29
18;CAQUETÁ;18460;MILÁN;9723;47.11;58.58
18;CAQUETÁ;18479;MORELIA;3698;21.22;34.14
18;CAQUETÁ;18592;PUERTO RICO;26517;32.04;37.85
18;CAQUETÁ;18610;SAN JOSÉ DEL FRAGUA;12797;26.72;40.75
18;CAQUETÁ;18753;SAN VICENTE DEL CAGUÁN;50719;30.47;55.52
18;CAQUETÁ;18756;SOLANO;11214;44.72;69.12
18;CAQUETÁ;18785;SOLITA;6216;27.28;64.39
18;CAQUETÁ;18860;VALPARAÍSO;6887;27.65;52.29
19;CAUCA;19001;POPAYÁN;318059;9.10;12.99
19;CAUCA;19022;ALMAGUER;18449;33.70;8.12
19;CAUCA;19050;ARGELIA;26144;23.40;28.61
19;CAUCA;19075;BALBOA;21108;20.36;6.34
19;CAUCA;19100;BOLÍVAR;38048;27.49;3.10
19;CAUCA;19110;BUENOS AIRES;31436;15.18;18.99
19;CAUCA;19130;CAJIBÍO;42014;23.56;14.15
19;CAUCA;19137;CALDONO;39946;23.78;10.78
19;CAUCA;19142;CALOTO;30181;22.91;14.35
19;CAUCA;19212;CORINTO;25286;18.84;10.36
19;CAUCA;19256;EL TAMBO;53891;23.40;27.57
19;CAUCA;19290;FLORENCIA;5202;12.26;7.75
19;CAUCA;19300;GUACHENÉ ;19671;4.95;7.30
19;CAUCA;19318;GUAPI;27616;70.68;71.48
19;CAUCA;19355;INZÁ;28879;19.00;17.50
19;CAUCA;19364;JAMBALÓ;17841;15.58;17.29
19;CAUCA;19392;LA SIERRA;10749;23.03;12.13
19;CAUCA;19397;LA VEGA;24501;16.99;16.05
19;CAUCA;19418;LÓPEZ;18580;42.77;82.96
19;CAUCA;19450;MERCADERES;22688;25.50;8.10
19;CAUCA;19455;MIRANDA;31360;9.34;6.15
19;CAUCA;19473;MORALES;38838;27.08;22.66
19;CAUCA;19513;PADILLA;9937;8.32;4.12
19;CAUCA;19517;PAEZ;45776;21.66;16.01
19;CAUCA;19532;PATÍA;36848;20.68;12.80
19;CAUCA;19533;PIAMONTE;8811;21.67;84.59
19;CAUCA;19548;PIENDAMÓ;40818;13.52;12.02
19;CAUCA;19573;PUERTO TEJADA;41615;7.98;3.00
19;CAUCA;19585;PURACÉ;17272;20.75;45.29
19;CAUCA;19622;ROSAS;11475;18.16;13.86
19;CAUCA;19693;SAN SEBASTIÁN;10948;15.84;12.54
19;CAUCA;19698;SANTANDER DE QUILICHAO;110445;12.19;9.27
19;CAUCA;19701;SANTA ROSA;5339;35.62;59.41
19;CAUCA;19743;SILVIA;37337;14.18;10.01
19;CAUCA;19760;SOTARA;13939;18.56;24.65
19;CAUCA;19780;SUÁREZ;31904;28.57;23.54
19;CAUCA;19785;SUCRE;9489;35.48;10.76
19;CAUCA;19807;TIMBÍO;35479;17.47;16.36
19;CAUCA;19809;TIMBIQUÍ;26100;64.13;80.99
19;CAUCA;19821;TORIBIO;35218;22.51;18.38
19;CAUCA;19824;TOTORÓ;24558;25.73;28.27
19;CAUCA;19845;VILLA RICA;20693;11.18;2.17
20;CESAR;20001;VALLEDUPAR;490075;17.83;10.60
20;CESAR;20011;AGUACHICA;109621;18.79;12.23
20;CESAR;20013;AGUSTÍN CODAZZI;60768;28.67;13.06
20;CESAR;20032;ASTREA;20120;37.75;27.75
20;CESAR;20045;BECERRIL;21611;35.52;13.16
20;CESAR;20060;BOSCONIA;40022;31.77;24.39
20;CESAR;20175;CHIMICHAGUA;34169;30.37;19.16
20;CESAR;20178;CHIRIGUANÁ;27694;25.46;12.69
20;CESAR;20228;CURUMANÍ;37399;28.66;18.07
20;CESAR;20238;EL COPEY;30159;26.98;12.63
20;CESAR;20250;EL PASO;37531;22.78;14.31
20;CESAR;20295;GAMARRA;14973;23.36;21.02
20;CESAR;20310;GONZÁLEZ;4379;21.24;3.09
20;CESAR;20383;LA GLORIA;17150;24.56;19.97
20;CESAR;20400;LA JAGUA DE IBIRICO;46722;21.28;16.75
20;CESAR;20443;MANAURE;10047;27.59;12.50
20;CESAR;20517;PAILITAS;18566;25.58;14.17
20;CESAR;20550;PELAYA;20683;26.76;11.78
20;CESAR;20570;PUEBLO BELLO;27007;64.55;17.56
20;CESAR;20614;RÍO DE ORO;16837;21.68;5.94
20;CESAR;20621;LA PAZ;27759;28.54;19.34
20;CESAR;20710;SAN ALBERTO;26247;13.73;9.73
20;CESAR;20750;SAN DIEGO;19022;22.52;13.15
20;CESAR;20770;SAN MARTÍN;26674;24.09;20.40
20;CESAR;20787;TAMALAMEQUE;15339;25.90;17.42
23;CÓRDOBA ;23001;MONTERÍA;490935;18.80;17.53
23;CÓRDOBA ;23068;AYAPEL;46968;47.62;32.77
23;CÓRDOBA ;23079;BUENAVISTA;21078;40.93;36.09
23;CÓRDOBA ;23090;CANALETE;15353;75.38;75.43
23;CÓRDOBA ;23162;CERETÉ;105815;25.19;20.11
23;CÓRDOBA ;23168;CHIMÁ;17529;37.91;20.61
23;CÓRDOBA ;23182;CHINÚ;47917;25.02;12.58
23;CÓRDOBA ;23189;CIÉNAGA DE ORO;59086;36.87;21.02
23;CÓRDOBA ;23300;COTORRA;19041;24.20;13.29
23;CÓRDOBA ;23350;LA APARTADA;14866;30.55;19.56
23;CÓRDOBA ;23417;LORICA;113909;33.40;25.17
23;CÓRDOBA ;23419;LOS CÓRDOBAS;18717;70.79;74.20
23;CÓRDOBA ;23464;MOMIL;19590;26.67;15.49
23;CÓRDOBA ;23466;MONTELÍBANO;81641;26.99;26.07
23;CÓRDOBA ;23500;MOÑITOS;29833;68.34;61.26
23;CÓRDOBA ;23555;PLANETA RICA;64205;33.10;21.56
23;CÓRDOBA ;23570;PUEBLO NUEVO;35655;42.86;38.28
23;CÓRDOBA ;23574;PUERTO ESCONDIDO;23649;73.79;70.83
23;CÓRDOBA ;23580;PUERTO LIBERTADOR;41873;55.55;52.63
23;CÓRDOBA ;23586;PURÍSIMA;17206;36.08;20.18
23;CÓRDOBA ;23660;SAHAGÚN;107636;25.29;12.41
23;CÓRDOBA ;23670;SAN ANDRÉS SOTAVENTO;48610;72.58;38.26
23;CÓRDOBA ;23672;SAN ANTERO;33878;29.57;19.21
23;CÓRDOBA ;23675;SAN BERNARDO DEL VIENTO;37007;41.98;30.21
23;CÓRDOBA ;23678;SAN CARLOS;26954;38.60;23.36
23;CÓRDOBA ;23682;SAN JOSÉ DE URÉ(1);13345;52.83;53.24
23;CÓRDOBA ;23686;SAN PELAYO;51838;37.17;33.68
23;CÓRDOBA ;23807;TIERRALTA;92349;56.01;44.31
23;CÓRDOBA ;23815;TUCHÍN;52606;77.98;34.83
23;CÓRDOBA ;23855;VALENCIA;35694;55.93;57.25
25;CUNDINAMARCA;25001;AGUA DE DIOS;11685;8.08;3.38
25;CUNDINAMARCA;25019;ALBÁN;6438;9.95;4.40
25;CUNDINAMARCA;25035;ANAPOIMA;14519;10.34;6.63
25;CUNDINAMARCA;25040;ANOLAIMA;13816;9.80;4.98
25;CUNDINAMARCA;25053;ARBELÁEZ;10860;10.14;7.44
25;CUNDINAMARCA;25086;BELTRÁN;1789;9.60;3.36
25;CUNDINAMARCA;25095;BITUIMA;2467;9.67;5.54
25;CUNDINAMARCA;25099;BOJACÁ;9913;5.34;3.77
25;CUNDINAMARCA;25120;CABRERA;4722;10.30;33.63
25;CUNDINAMARCA;25123;CACHIPAY;9972;9.39;5.38
25;CUNDINAMARCA;25126;CAJICÁ;82244;3.20;2.79
25;CUNDINAMARCA;25148;CAPARRAPÍ;12569;29.18;25.35
25;CUNDINAMARCA;25151;CAQUEZA;17099;7.52;1.22
25;CUNDINAMARCA;25154;CARMEN DE CARUPA;7580;13.02;2.47
25;CUNDINAMARCA;25168;CHAGUANÍ;4182;14.78;6.01
25;CUNDINAMARCA;25175;CHÍA;132181;3.04;4.22
25;CUNDINAMARCA;25178;CHIPAQUE;9467;9.52;2.77
25;CUNDINAMARCA;25181;CHOACHÍ;10961;8.22;3.42
25;CUNDINAMARCA;25183;CHOCONTÁ;20568;7.76;1.85
25;CUNDINAMARCA;25200;COGUA;22067;3.60;2.75
25;CUNDINAMARCA;25214;COTA;32691;4.12;3.12
25;CUNDINAMARCA;25224;CUCUNUBÁ;7626;11.50;4.13
25;CUNDINAMARCA;25245;EL COLEGIO;23886;6.76;5.41
25;CUNDINAMARCA;25258;EL PEÑÓN;4681;25.77;14.86
25;CUNDINAMARCA;25260;EL ROSAL;22065;7.61;6.11
25;CUNDINAMARCA;25269;FACATATIVÁ;139441;4.05;5.50
25;CUNDINAMARCA;25279;FOMEQUE;11986;6.52;2.58
25;CUNDINAMARCA;25281;FOSCA;5784;13.34;1.42
25;CUNDINAMARCA;25286;FUNZA;93154;3.36;2.48
25;CUNDINAMARCA;25288;FÚQUENE;4904;8.99;2.71
25;CUNDINAMARCA;25290;FUSAGASUGÁ;138498;4.67;1.83
25;CUNDINAMARCA;25293;GACHALA;4436;17.55;13.50
25;CUNDINAMARCA;25295;GACHANCIPÁ;17026;4.76;3.50
25;CUNDINAMARCA;25297;GACHETÁ;8425;16.00;3.84
25;CUNDINAMARCA;25299;GAMA;3120;8.74;6.26
25;CUNDINAMARCA;25307;GIRARDOT;101018;7.54;5.96
25;CUNDINAMARCA;25312;GRANADA;7179;4.97;2.08
25;CUNDINAMARCA;25317;GUACHETÁ;13285;11.89;2.63
25;CUNDINAMARCA;25320;GUADUAS;30524;9.42;5.53
25;CUNDINAMARCA;25322;GUASCA;15348;4.75;2.20
25;CUNDINAMARCA;25324;GUATAQUÍ;2848;12.51;7.73
25;CUNDINAMARCA;25326;GUATAVITA;6325;7.79;1.10
25;CUNDINAMARCA;25328;GUAYABAL DE SIQUIMA;4444;10.32;6.29
25;CUNDINAMARCA;25335;GUAYABETAL;6232;9.86;8.56
25;CUNDINAMARCA;25339;GUTIÉRREZ;3410;11.30;12.80
25;CUNDINAMARCA;25368;JERUSALÉN;2281;14.53;7.65
25;CUNDINAMARCA;25372;JUNÍN;5823;16.20;5.96
25;CUNDINAMARCA;25377;LA CALERA;29868;3.14;1.55
25;CUNDINAMARCA;25386;LA MESA;32694;8.91;5.71
25;CUNDINAMARCA;25394;LA PALMA;9467;20.26;13.02
25;CUNDINAMARCA;25398;LA PEÑA;5911;30.08;13.99
25;CUNDINAMARCA;25402;LA VEGA;16986;7.53;5.89
25;CUNDINAMARCA;25407;LENGUAZAQUE;10080;10.28;1.54
25;CUNDINAMARCA;25426;MACHETA;6124;12.79;3.05
25;CUNDINAMARCA;25430;MADRID;112254;3.66;3.52
25;CUNDINAMARCA;25436;MANTA;3737;7.60;2.87
25;CUNDINAMARCA;25438;MEDINA;8014;21.24;24.08
25;CUNDINAMARCA;25473;MOSQUERA;130221;3.46;4.29
25;CUNDINAMARCA;25483;NARIÑO;2333;9.86;3.72
25;CUNDINAMARCA;25486;NEMOCÓN;13171;4.50;3.95
25;CUNDINAMARCA;25488;NILO;10819;7.92;5.04
25;CUNDINAMARCA;25489;NIMAIMA;3589;12.91;8.31
25;CUNDINAMARCA;25491;NOCAIMA;6092;10.92;6.30
25;CUNDINAMARCA;25506;VENECIA;4218;13.42;25.44
25;CUNDINAMARCA;25513;PACHO;24413;8.16;7.13
25;CUNDINAMARCA;25518;PAIME;4186;35.47;43.73
25;CUNDINAMARCA;25524;PANDI;4973;12.86;10.55
25;CUNDINAMARCA;25530;PARATEBUENO;8328;15.57;14.57
25;CUNDINAMARCA;25535;PASCA;9105;8.17;9.72
25;CUNDINAMARCA;25572;PUERTO SALGAR;15453;13.76;11.30
25;CUNDINAMARCA;25580;PULÍ;3327;10.38;4.47
25;CUNDINAMARCA;25592;QUEBRADANEGRA;4724;11.22;9.00
25;CUNDINAMARCA;25594;QUETAME;5072;9.72;2.60
25;CUNDINAMARCA;25596;QUIPILE;6291;18.59;10.66
25;CUNDINAMARCA;25599;APULO;8192;18.41;12.54
25;CUNDINAMARCA;25612;RICAURTE;12881;9.31;8.53
25;CUNDINAMARCA;25645;SAN ANTONIO DEL TEQUENDAMA;11870;7.36;3.21
25;CUNDINAMARCA;25649;SAN BERNARDO;8487;8.67;19.60
25;CUNDINAMARCA;25653;SAN CAYETANO;4846;8.04;27.82
25;CUNDINAMARCA;25658;SAN FRANCISCO;10755;7.51;4.58
25;CUNDINAMARCA;25662;SAN JUAN DE RÍO SECO;8181;12.97;4.53
25;CUNDINAMARCA;25718;SASAIMA;10711;8.52;6.16
25;CUNDINAMARCA;25736;SESQUILÉ;11423;5.76;2.41
25;CUNDINAMARCA;25740;SIBATÉ;33491;5.95;2.45
25;CUNDINAMARCA;25743;SILVANIA;21625;8.01;7.10
25;CUNDINAMARCA;25745;SIMIJACA;12847;5.24;3.50
25;CUNDINAMARCA;25754;SOACHA;660179;5.37;3.04
25;CUNDINAMARCA;25758;SOPÓ;25782;2.89;1.86
25;CUNDINAMARCA;25769;SUBACHOQUE;15690;3.75;1.20
25;CUNDINAMARCA;25772;SUESCA;17021;4.98;2.16
25;CUNDINAMARCA;25777;SUPATÁ;5203;10.41;13.77
25;CUNDINAMARCA;25779;SUSA;6454;13.06;3.22
25;CUNDINAMARCA;25781;SUTATAUSA;5887;7.59;3.34
25;CUNDINAMARCA;25785;TABIO;21665;3.93;1.70
25;CUNDINAMARCA;25793;TAUSA;8067;8.10;1.30
25;CUNDINAMARCA;25797;TENA;9567;7.18;6.37
25;CUNDINAMARCA;25799;TENJO;21935;4.59;6.05
25;CUNDINAMARCA;25805;TIBACUY;4335;11.13;13.45
25;CUNDINAMARCA;25807;TIBIRITA;3158;11.62;4.27
25;CUNDINAMARCA;25815;TOCAIMA;15735;11.17;4.18
25;CUNDINAMARCA;25817;TOCANCIPÁ;39996;4.24;9.16
25;CUNDINAMARCA;25823;TOPAIPÍ;4139;27.42;27.44
25;CUNDINAMARCA;25839;UBALÁ;7717;21.13;8.78
25;CUNDINAMARCA;25841;UBAQUE;6727;15.32;7.52
25;CUNDINAMARCA;25843;VILLA DE SAN DIEGO DE UBATE;42558;5.25;2.51
25;CUNDINAMARCA;25845;UNE;6945;11.93;3.99
25;CUNDINAMARCA;25851;ÚTICA;4246;16.92;10.25
25;CUNDINAMARCA;25862;VERGARA;6847;22.42;9.74
25;CUNDINAMARCA;25867;VIANÍ;4339;11.74;7.33
25;CUNDINAMARCA;25871;VILLAGÓMEZ;1758;10.27;24.04
25;CUNDINAMARCA;25873;VILLAPINZÓN;17187;8.76;1.91
25;CUNDINAMARCA;25875;VILLETA;26873;8.41;6.44
25;CUNDINAMARCA;25878;VIOTÁ;13234;14.59;20.31
25;CUNDINAMARCA;25885;YACOPÍ;12322;40.62;48.68
25;CUNDINAMARCA;25898;ZIPACÓN;4659;7.72;7.95
25;CUNDINAMARCA;25899;ZIPAQUIRÁ;130537;3.12;1.06
27;CHOCÓ;27001;QUIBDÓ;129237;72.81;26.47
27;CHOCÓ;27006;ACANDÍ;13999;36.44;43.71
27;CHOCÓ;27025;ALTO BAUDO;27584;77.85;96.58
27;CHOCÓ;27050;ATRATO;6063;42.50;36.16
27;CHOCÓ;27073;BAGADÓ;11011;70.52;57.75
27;CHOCÓ;27075;BAHÍA SOLANO;10123;24.61;55.72
27;CHOCÓ;27077;BAJO BAUDÓ;29957;65.87;69.59
27;CHOCÓ;27099;BOJAYA;12073;67.56;87.53
27;CHOCÓ;27135;EL CANTÓN DEL SAN PABLO;6116;43.52;28.47
27;CHOCÓ;27150;CARMEN DEL DARIEN;18433;75.68;90.63
27;CHOCÓ;27160;CÉRTEGUI;5635;51.74;30.71
27;CHOCÓ;27205;CONDOTO;12663;66.50;18.76
27;CHOCÓ;27245;EL CARMEN DE ATRATO;8193;36.48;21.56
27;CHOCÓ;27250;EL LITORAL DEL SAN JUAN;21669;70.22;91.19
27;CHOCÓ;27361;ISTMINA;30742;83.96;32.41
27;CHOCÓ;27372;JURADÓ;6685;56.11;73.84
27;CHOCÓ;27413;LLORÓ;9786;76.62;50.62
27;CHOCÓ;27425;MEDIO ATRATO;10672;51.64;90.05
27;CHOCÓ;27430;MEDIO BAUDÓ;15109;63.21;86.30
27;CHOCÓ;27450;MEDIO SAN JUAN;10579;64.09;57.20
27;CHOCÓ;27491;NÓVITA;9153;50.01;49.67
27;CHOCÓ;27495;NUQUÍ;16223;50.93;58.26
27;CHOCÓ;27580;RÍO IRO;5467;43.09;53.74
27;CHOCÓ;27600;RÍO QUITO;8236;58.34;49.50
27;CHOCÓ;27615;RIOSUCIO;53449;75.15;88.81
27;CHOCÓ;27660;SAN JOSÉ DEL PALMAR;5114;29.46;53.97
27;CHOCÓ;27745;SIPÍ;3174;49.10;57.97
27;CHOCÓ;27787;TADÓ;18011;54.77;20.45
27;CHOCÓ;27800;UNGUÍA;12854;48.59;56.57
27;CHOCÓ;27810;UNIÓN PANAMERICANA;6816;52.15;26.00
41;HUILA;41001;NEIVA;357392;7.57;5.63
41;HUILA;41006;ACEVEDO;24774;19.33;7.30
41;HUILA;41013;AGRADO;8800;18.33;2.40
41;HUILA;41016;AIPE;16163;15.24;8.97
41;HUILA;41020;ALGECIRAS;22481;20.21;12.15
41;HUILA;41026;ALTAMIRA;4275;8.90;3.79
41;HUILA;41078;BARAYA;8338;20.79;7.38
41;HUILA;41132;CAMPOALEGRE;31087;13.93;6.09
41;HUILA;41206;COLOMBIA;7285;26.36;7.11
41;HUILA;41244;ELÍAS;4211;9.67;5.24
41;HUILA;41298;GARZÓN;72382;12.37;4.91
41;HUILA;41306;GIGANTE;24583;13.33;4.90
41;HUILA;41319;GUADALUPE;17890;18.45;5.68
41;HUILA;41349;HOBO;7286;20.43;8.32
41;HUILA;41357;IQUIRA;9248;24.06;8.95
41;HUILA;41359;ISNOS;25186;19.38;21.68
41;HUILA;41378;LA ARGENTINA;12866;19.44;12.45
41;HUILA;41396;LA PLATA;61026;19.12;11.57
41;HUILA;41483;NÁTAGA;6469;18.92;8.34
41;HUILA;41503;OPORAPA;11629;18.41;5.75
41;HUILA;41518;PAICOL;6583;11.37;4.27
41;HUILA;41524;PALERMO;26279;12.59;8.18
41;HUILA;41530;PALESTINA;11159;20.00;13.23
41;HUILA;41548;PITAL;13787;15.74;5.03
41;HUILA;41551;PITALITO;124359;11.93;5.15
41;HUILA;41615;RIVERA;24312;12.59;3.61
41;HUILA;41660;SALADOBLANCO;10444;20.62;11.05
41;HUILA;41668;SAN AGUSTÍN;33028;15.23;13.61
41;HUILA;41676;SANTA MARÍA;10405;20.96;8.15
41;HUILA;41770;SUAZA;21853;15.28;6.95
41;HUILA;41791;TARQUI;17440;13.60;4.26
41;HUILA;41797;TESALIA;10697;10.73;4.09
41;HUILA;41799;TELLO;11800;16.85;5.14
41;HUILA;41801;TERUEL;8052;11.07;4.42
41;HUILA;41807;TIMANÁ;21799;11.12;5.08
41;HUILA;41872;VILLAVIEJA;7288;14.52;6.90
41;HUILA;41885;YAGUARÁ;7730;9.24;1.96
44;LA GUAJIRA;44001;RIOHACHA;188014;36.27;14.66
44;LA GUAJIRA;44035;ALBANIA;29148;38.14;15.35
44;LA GUAJIRA;44078;BARRANCAS;35743;40.61;15.42
44;LA GUAJIRA;44090;DIBULLA;37740;55.42;24.78
44;LA GUAJIRA;44098;DISTRACCIÓN;13016;25.03;10.44
44;LA GUAJIRA;44110;EL MOLINO;7185;26.64;11.76
44;LA GUAJIRA;44279;FONSECA;42772;19.43;11.60
44;LA GUAJIRA;44378;HATONUEVO;20044;30.05;11.57
44;LA GUAJIRA;44420;LA JAGUA DEL PILAR;3498;27.78;18.53
44;LA GUAJIRA;44430;MAICAO;170582;59.22;19.40
44;LA GUAJIRA;44560;MANAURE;83072;81.10;40.10
44;LA GUAJIRA;44650;SAN JUAN DEL CESAR;46953;24.24;9.21
44;LA GUAJIRA;44847;URIBIA;163462;88.75;34.40
44;LA GUAJIRA;44855;URUMITA;10985;24.96;15.78
44;LA GUAJIRA;44874;VILLANUEVA;28346;18.60;15.42
47;MAGDALENA;47001;SANTA MARTA;499192;14.30;7.37
47;MAGDALENA;47030;ALGARROBO;15511;29.48;16.73
47;MAGDALENA;47053;ARACATACA;39857;29.42;17.58
47;MAGDALENA;47058;ARIGUANÍ;30218;44.30;22.81
47;MAGDALENA;47161;CERRO SAN ANTONIO;9890;38.16;24.24
47;MAGDALENA;47170;CHIVOLO;21862;44.91;31.71
47;MAGDALENA;47189;CIÉNAGA;120071;28.53;18.49
47;MAGDALENA;47205;CONCORDIA;10505;31.72;13.17
47;MAGDALENA;47245;EL BANCO;65457;32.17;24.79
47;MAGDALENA;47258;EL PIÑON;22530;25.71;21.23
47;MAGDALENA;47268;EL RETÉN;19697;35.47;17.06
47;MAGDALENA;47288;FUNDACIÓN;66433;25.23;9.69
47;MAGDALENA;47318;GUAMAL;26620;33.25;13.80
47;MAGDALENA;47460;NUEVA GRANADA;19663;68.55;28.44
47;MAGDALENA;47541;PEDRAZA;9196;35.05;17.00
47;MAGDALENA;47545;PIJIÑO DEL CARMEN;12093;48.94;23.72
47;MAGDALENA;47551;PIVIJAY;37341;25.05;12.47
47;MAGDALENA;47555;PLATO;61766;37.42;24.29
47;MAGDALENA;47570;PUEBLOVIEJO;29824;45.36;33.88
47;MAGDALENA;47605;REMOLINO;11445;21.16;22.89
47;MAGDALENA;47660;SABANAS DE SAN ANGEL;15644;58.87;38.42
47;MAGDALENA;47675;SALAMINA;10733;26.68;11.69
47;MAGDALENA;47692;SAN SEBASTIÁN DE BUENAVISTA;19523;42.68;23.79
47;MAGDALENA;47703;SAN ZENÓN;11681;27.26;18.54
47;MAGDALENA;47707;SANTA ANA;25438;30.64;21.69
47;MAGDALENA;47720;SANTA BÁRBARA DE PINTO;10575;38.43;16.18
47;MAGDALENA;47745;SITIONUEVO;27128;48.55;35.90
47;MAGDALENA;47798;TENERIFE;13236;39.38;26.63
47;MAGDALENA;47960;ZAPAYÁN;9895;50.14;41.10
47;MAGDALENA;47980;ZONA BANANERA;68722;28.77;21.90
50;META;50001;VILLAVICENCIO;531275;6.38;3.65
50;META;50006;ACACÍAS;88023;6.34;4.84
50;META;50110;BARRANCA DE UPÍA;6440;16.23;10.04
50;META;50124;CABUYARO;6062;17.63;15.01
50;META;50150;CASTILLA LA NUEVA;14300;9.85;11.07
50;META;50223;CUBARRAL;6963;7.54;11.02
50;META;50226;CUMARAL;22831;8.38;9.48
50;META;50245;EL CALVARIO;1776;4.40;12.85
50;META;50251;EL CASTILLO;7977;26.54;26.88
50;META;50270;EL DORADO;3888;15.49;18.37
50;META;50287;FUENTE DE ORO;12129;17.68;13.60
50;META;50313;GRANADA;68876;11.17;6.49
50;META;50318;GUAMAL;14119;8.71;5.83
50;META;50325;MAPIRIPÁN;7007;52.55;76.28
50;META;50330;MESETAS;11159;29.99;39.90
50;META;50350;LA MACARENA;26890;41.85;79.12
50;META;50370;URIBE;9284;53.15;79.25
50;META;50400;LEJANÍAS;11463;20.46;23.37
50;META;50450;PUERTO CONCORDIA;8390;46.26;67.16
50;META;50568;PUERTO GAITÁN;41513;44.84;30.42
50;META;50573;PUERTO LÓPEZ;30399;19.19;11.93
50;META;50577;PUERTO LLERAS;10423;32.98;42.06
50;META;50590;PUERTO RICO;13061;37.14;49.55
50;META;50606;RESTREPO;18268;6.06;4.01
50;META;50680;SAN CARLOS DE GUAROA;12296;16.29;9.15
50;META;50683;SAN JUAN DE ARAMA;9118;22.83;26.18
50;META;50686;SAN JUANITO;1307;10.13;5.80
50;META;50689;SAN MARTÍN;26707;16.47;13.53
50;META;50711;VISTAHERMOSA;17778;35.58;44.11
52;NARIÑO;52001;PASTO;392930;8.24;3.94
52;NARIÑO;52019;ALBÁN;9642;15.90;11.28
52;NARIÑO;52022;ALDANA;7392;11.69;9.40
52;NARIÑO;52036;ANCUYÁ;8801;10.80;11.34
52;NARIÑO;52051;ARBOLEDA;8443;25.31;5.39
52;NARIÑO;52079;BARBACOAS;55633;72.20;65.89
52;NARIÑO;52083;BELÉN;6322;13.37;14.26
52;NARIÑO;52110;BUESACO;23908;16.78;6.09
52;NARIÑO;52203;COLÓN;8526;12.98;4.65
52;NARIÑO;52207;CONSACA;13784;13.43;9.22
52;NARIÑO;52210;CONTADERO;7270;18.55;8.37
52;NARIÑO;52215;CÓRDOBA;15516;19.67;7.16
52;NARIÑO;52224;CUASPUD;9201;26.90;9.25
52;NARIÑO;52227;CUMBAL;36864;15.39;10.34
52;NARIÑO;52233;CUMBITARA;5948;20.45;26.30
52;NARIÑO;52240;CHACHAGÜÍ;15354;18.05;7.18
52;NARIÑO;52250;EL CHARCO;22505;58.16;85.51
52;NARIÑO;52254;EL PEÑOL;7446;16.32;9.21
52;NARIÑO;52256;EL ROSARIO;12280;20.22;10.16
52;NARIÑO;52258;EL TABLÓN DE GÓMEZ;14342;25.81;4.36
52;NARIÑO;52260;EL TAMBO;14283;16.65;9.59
52;NARIÑO;52287;FUNES;7222;23.36;9.43
52;NARIÑO;52317;GUACHUCAL;19450;14.01;6.12
52;NARIÑO;52320;GUAITARILLA;11582;14.10;5.08
52;NARIÑO;52323;GUALMATÁN;7057;15.64;7.09
52;NARIÑO;52352;ILES;7662;27.17;7.42
52;NARIÑO;52354;IMUÉS;7657;14.64;5.99
52;NARIÑO;52356;IPIALES;116136;10.55;6.25
52;NARIÑO;52378;LA CRUZ;18754;11.60;4.87
52;NARIÑO;52381;LA FLORIDA;10104;32.52;17.41
52;NARIÑO;52385;LA LLANADA;6492;18.93;19.54
52;NARIÑO;52390;LA TOLA;7411;82.30;64.45
52;NARIÑO;52399;LA UNIÓN;31858;19.16;10.20
52;NARIÑO;52405;LEIVA;9768;27.03;13.27
52;NARIÑO;52411;LINARES;10236;14.46;8.54
52;NARIÑO;52418;LOS ANDES;9547;23.70;18.56
52;NARIÑO;52427;MAGÜI;24705;82.51;81.06
52;NARIÑO;52435;MALLAMA;8976;11.80;19.25
52;NARIÑO;52473;MOSQUERA;11984;79.18;92.29
52;NARIÑO;52480;NARIÑO;4364;25.23;14.42
52;NARIÑO;52490;OLAYA HERRERA;25358;77.46;91.01
52;NARIÑO;52506;OSPINA;7105;15.84;5.64
52;NARIÑO;52520;FRANCISCO PIZARRO;14193;49.96;88.62
52;NARIÑO;52540;POLICARPA;9897;16.66;18.87
52;NARIÑO;52560;POTOSÍ;10414;12.26;2.68
52;NARIÑO;52565;PROVIDENCIA;5572;22.75;10.13
52;NARIÑO;52573;PUERRES;8581;13.99;6.31
52;NARIÑO;52585;PUPIALES;17491;14.71;6.38
52;NARIÑO;52612;RICAURTE;19631;62.35;65.66
52;NARIÑO;52621;ROBERTO PAYÁN;12667;44.42;83.59
52;NARIÑO;52678;SAMANIEGO;29414;26.64;15.89
52;NARIÑO;52683;SANDONÁ;20773;14.66;7.97
52;NARIÑO;52685;SAN BERNARDO;9202;21.24;9.91
52;NARIÑO;52687;SAN LORENZO;18473;21.68;6.86
52;NARIÑO;52693;SAN PABLO;15389;11.53;7.88
52;NARIÑO;52694;SAN PEDRO DE CARTAGO;6843;22.49;5.00
52;NARIÑO;52696;SANTA BÁRBARA;13427;74.27;85.05
52;NARIÑO;52699;SANTACRUZ;10796;41.14;28.89
52;NARIÑO;52720;SAPUYES;7346;25.94;7.93
52;NARIÑO;52786;TAMINANGO;17854;16.24;5.70
52;NARIÑO;52788;TANGUA;13507;22.37;5.76
52;NARIÑO;52835;SAN ANDRÉS DE TUMACO;253637;27.62;58.36
52;NARIÑO;52838;TÚQUERRES;44729;15.18;4.41
52;NARIÑO;52885;YACUANQUER;10938;18.21;6.71
54;NORTE DE SANTANDER;54001;CÚCUTA;711715;13.75;9.53
54;NORTE DE SANTANDER;54003;ABREGO;31786;27.89;3.32
54;NORTE DE SANTANDER;54051;ARBOLEDAS;9605;29.97;8.11
54;NORTE DE SANTANDER;54099;BOCHALEMA;8105;16.19;7.03
54;NORTE DE SANTANDER;54109;BUCARASICA;6248;36.68;5.70
54;NORTE DE SANTANDER;54125;CÁCOTA;2781;23.80;3.95
54;NORTE DE SANTANDER;54128;CACHIRÁ;10995;25.04;6.85
54;NORTE DE SANTANDER;54172;CHINÁCOTA;17263;15.12;8.27
54;NORTE DE SANTANDER;54174;CHITAGÁ;11564;31.82;10.54
54;NORTE DE SANTANDER;54206;CONVENCIÓN;18463;31.24;13.74
54;NORTE DE SANTANDER;54223;CUCUTILLA;8095;36.18;3.31
54;NORTE DE SANTANDER;54239;DURANIA;4541;24.02;10.74
54;NORTE DE SANTANDER;54245;EL CARMEN;13144;48.72;21.14
54;NORTE DE SANTANDER;54250;EL TARRA;20093;50.60;45.61
54;NORTE DE SANTANDER;54261;EL ZULIA;26700;22.55;13.38
54;NORTE DE SANTANDER;54313;GRAMALOTE;7295;14.25;5.53
54;NORTE DE SANTANDER;54344;HACARÍ;9998;42.35;14.98
54;NORTE DE SANTANDER;54347;HERRÁN;6755;29.43;19.22
54;NORTE DE SANTANDER;54377;LABATECA;6268;16.11;8.03
54;NORTE DE SANTANDER;54385;LA ESPERANZA;11358;30.72;17.84
54;NORTE DE SANTANDER;54398;LA PLAYA;7582;24.41;1.28
54;NORTE DE SANTANDER;54405;LOS PATIOS;89091;9.86;6.01
54;NORTE DE SANTANDER;54418;LOURDES;3954;22.04;4.80
54;NORTE DE SANTANDER;54480;MUTISCUA;4163;14.85;2.62
54;NORTE DE SANTANDER;54498;OCAÑA;118273;12.58;4.13
54;NORTE DE SANTANDER;54518;PAMPLONA;50025;8.69;4.30
54;NORTE DE SANTANDER;54520;PAMPLONITA;5402;16.05;5.49
54;NORTE DE SANTANDER;54553;PUERTO SANTANDER;8502;19.31;22.48
54;NORTE DE SANTANDER;54599;RAGONVALIA;5899;19.62;10.89
54;NORTE DE SANTANDER;54660;SALAZAR;10205;18.98;5.82
54;NORTE DE SANTANDER;54670;SAN CALIXTO;12011;38.52;14.93
54;NORTE DE SANTANDER;54673;SAN CAYETANO;6978;22.93;11.10
54;NORTE DE SANTANDER;54680;SANTIAGO;3361;19.91;9.73
54;NORTE DE SANTANDER;54720;SARDINATA;25142;37.18;24.30
54;NORTE DE SANTANDER;54743;SILOS;6162;14.77;1.55
54;NORTE DE SANTANDER;54800;TEORAMA;16193;38.25;20.27
54;NORTE DE SANTANDER;54810;TIBÚ;53586;46.17;48.81
54;NORTE DE SANTANDER;54820;TOLEDO;15440;33.12;19.27
54;NORTE DE SANTANDER;54871;VILLA CARO;4996;31.36;2.16
54;NORTE DE SANTANDER;54874;VILLA DEL ROSARIO;101952;14.56;11.11
63;QUINDIO;63001;ARMENIA;295208;5.38;3.81
63;QUINDIO;63111;BUENAVISTA;3095;11.64;4.06
63;QUINDIO;63130;CALARCA;72783;7.25;6.05
63;QUINDIO;63190;CIRCASIA;28162;6.52;5.44
63;QUINDIO;63212;CÓRDOBA;5642;10.08;6.87
63;QUINDIO;63272;FILANDIA;12066;6.27;7.95
63;QUINDIO;63302;GÉNOVA;7516;11.39;12.68
63;QUINDIO;63401;LA TEBAIDA;33451;10.23;6.56
63;QUINDIO;63470;MONTENEGRO;36751;11.13;8.04
63;QUINDIO;63548;PIJAO;5219;8.53;4.90
63;QUINDIO;63594;QUIMBAYA;30751;7.60;4.10
63;QUINDIO;63690;SALENTO;9260;5.83;14.06
66;RISARALDA;66001;PEREIRA;467269;5.88;4.03
66;RISARALDA;66045;APÍA;12406;9.57;5.26
66;RISARALDA;66075;BALBOA;6423;9.97;8.55
66;RISARALDA;66088;BELÉN DE UMBRÍA;24690;13.02;3.59
66;RISARALDA;66170;DOSQUEBRADAS;217178;4.35;1.99
66;RISARALDA;66318;GUÁTICA;12158;10.96;5.04
66;RISARALDA;66383;LA CELIA;7514;12.14;12.45
66;RISARALDA;66400;LA VIRGINIA;27923;6.59;2.42
66;RISARALDA;66440;MARSELLA;16940;17.29;4.00
66;RISARALDA;66456;MISTRATÓ;16950;41.17;20.09
66;RISARALDA;66572;PUEBLO RICO;16156;55.47;36.35
66;RISARALDA;66594;QUINCHÍA;27292;16.42;11.29
66;RISARALDA;66682;SANTA ROSA DE CABAL;77838;7.71;4.09
66;RISARALDA;66687;SANTUARIO;12664;10.34;5.95
68;SANTANDER;68001;BUCARAMANGA;581130;5.56;5.59
68;SANTANDER;68013;AGUADA;1855;16.56;1.89
68;SANTANDER;68020;ALBANIA;4129;15.48;24.96
68;SANTANDER;68051;ARATOCA;8229;20.12;2.68
68;SANTANDER;68077;BARBOSA;31050;8.08;2.79
68;SANTANDER;68079;BARICHARA;10486;11.00;3.17
68;SANTANDER;68081;BARRANCABERMEJA;203537;11.65;10.79
68;SANTANDER;68092;BETULIA;5941;21.58;24.59
68;SANTANDER;68101;BOLÍVAR;11287;25.68;29.79
68;SANTANDER;68121;CABRERA;1937;12.83;1.56
68;SANTANDER;68132;CALIFORNIA;2130;6.89;5.62
68;SANTANDER;68147;CAPITANEJO;5505;16.36;1.94
68;SANTANDER;68152;CARCASÍ;4292;28.18;2.99
68;SANTANDER;68160;CEPITÁ;2015;12.68;2.21
68;SANTANDER;68162;CERRITO;6729;16.05;6.96
68;SANTANDER;68167;CHARALÁ;12270;8.43;2.40
68;SANTANDER;68169;CHARTA;2888;9.99;1.81
68;SANTANDER;68176;CHIMA;2875;19.46;9.14
68;SANTANDER;68179;CHIPATÁ;5075;15.24;5.36
68;SANTANDER;68190;CIMITARRA;32947;17.89;24.37
68;SANTANDER;68207;CONCEPCIÓN;5738;16.64;7.30
68;SANTANDER;68209;CONFINES;3159;10.85;3.92
68;SANTANDER;68211;CONTRATACIÓN;3679;8.71;3.19
68;SANTANDER;68217;COROMORO;5015;21.55;1.77
68;SANTANDER;68229;CURITÍ;12717;14.00;1.90
68;SANTANDER;68235;EL CARMEN DE CHUCURÍ;20916;43.07;48.06
68;SANTANDER;68245;EL GUACAMAYO;2167;9.81;6.93
68;SANTANDER;68250;EL PEÑÓN;5279;31.94;34.02
68;SANTANDER;68255;EL PLAYÓN;13713;27.31;18.50
68;SANTANDER;68264;ENCINO;2552;9.88;2.11
68;SANTANDER;68266;ENCISO;3461;19.49;3.04
68;SANTANDER;68271;FLORIÁN;5562;31.27;34.25
68;SANTANDER;68276;FLORIDABLANCA;291935;3.97;3.45
68;SANTANDER;68296;GALÁN;2886;17.70;3.17
68;SANTANDER;68298;GAMBITA;4021;23.86;18.38
68;SANTANDER;68307;GIRÓN;160403;6.67;4.76
68;SANTANDER;68318;GUACA;5916;18.58;2.57
68;SANTANDER;68320;GUADALUPE;4511;13.99;3.94
68;SANTANDER;68322;GUAPOTÁ;2375;12.57;1.83
68;SANTANDER;68324;GUAVATÁ;4230;13.37;5.94
68;SANTANDER;68327;GÜEPSA;5114;10.70;5.76
68;SANTANDER;68344;HATO;2328;19.91;5.28
68;SANTANDER;68368;JESÚS MARÍA;3342;12.52;11.56
68;SANTANDER;68370;JORDÁN;1314;24.85;1.82
68;SANTANDER;68377;LA BELLEZA;6198;11.36;33.93
68;SANTANDER;68385;LANDÁZURI;10384;17.54;27.80
68;SANTANDER;68397;LA PAZ;4953;8.18;22.97
68;SANTANDER;68406;LEBRÍJA;41835;10.22;9.81
68;SANTANDER;68418;LOS SANTOS;14106;21.12;2.06
68;SANTANDER;68425;MACARAVITA;2171;24.27;3.05
68;SANTANDER;68432;MÁLAGA;20945;7.64;2.57
68;SANTANDER;68444;MATANZA;4976;13.94;4.01
68;SANTANDER;68464;MOGOTES;10527;20.97;2.75
68;SANTANDER;68468;MOLAGAVITA;4137;26.85;1.67
68;SANTANDER;68498;OCAMONTE;5661;12.23;1.49
68;SANTANDER;68500;OIBA;10800;12.59;5.73
68;SANTANDER;68502;ONZAGA;4183;26.04;2.28
68;SANTANDER;68522;PALMAR;1361;14.23;0.96
68;SANTANDER;68524;PALMAS DEL SOCORRO;2535;12.09;1.36
68;SANTANDER;68533;PÁRAMO;4654;10.42;2.67
68;SANTANDER;68547;PIEDECUESTA;170625;5.55;4.75
68;SANTANDER;68549;PINCHOTE;5162;7.07;4.55
68;SANTANDER;68572;PUENTE NACIONAL;14654;7.21;3.25
68;SANTANDER;68573;PUERTO PARRA;7640;18.45;31.09
68;SANTANDER;68575;PUERTO WILCHES;32791;32.10;27.19
68;SANTANDER;68615;RIONEGRO;26438;16.27;12.48
68;SANTANDER;68655;SABANA DE TORRES;33055;21.07;23.16
68;SANTANDER;68669;SAN ANDRÉS;8683;13.49;1.99
68;SANTANDER;68673;SAN BENITO;2950;11.98;3.08
68;SANTANDER;68679;SAN GIL;56037;5.02;3.48
68;SANTANDER;68682;SAN JOAQUÍN;2241;12.87;0.80
68;SANTANDER;68684;SAN JOSÉ DE MIRANDA;4367;26.23;3.90
68;SANTANDER;68686;SAN MIGUEL;2531;17.88;3.44
68;SANTANDER;68689;SAN VICENTE DE CHUCURÍ;33133;22.18;23.59
68;SANTANDER;68705;SANTA BÁRBARA;2401;16.75;2.82
68;SANTANDER;68720;SANTA HELENA DEL OPÓN;3389;22.66;33.94
68;SANTANDER;68745;SIMACOTA;10042;24.80;25.90
68;SANTANDER;68755;SOCORRO;32158;4.13;1.61
68;SANTANDER;68770;SUAITA;10031;14.17;8.29
68;SANTANDER;68773;SUCRE;7202;15.32;21.62
68;SANTANDER;68780;SURATÁ;3975;17.87;5.01
68;SANTANDER;68820;TONA;7373;13.46;1.70
68;SANTANDER;68855;VALLE DE SAN JOSÉ;6084;8.92;3.24
68;SANTANDER;68861;VÉLEZ;24356;12.70;15.68
68;SANTANDER;68867;VETAS;2114;8.68;2.25
68;SANTANDER;68872;VILLANUEVA;7873;9.31;1.64
68;SANTANDER;68895;ZAPATOCA;9466;6.63;2.53
70;SUCRE;70001;SINCELEJO;277773;18.90;8.56
70;SUCRE;70110;BUENAVISTA;10441;36.57;7.62
70;SUCRE;70124;CAIMITO;15231;32.19;14.25
70;SUCRE;70204;COLOSO;8623;61.03;69.02
70;SUCRE;70215;COROZAL;67371;18.19;11.78
70;SUCRE;70221;COVEÑAS;18250;28.21;16.93
70;SUCRE;70230;CHALÁN;4466;60.27;33.77
70;SUCRE;70233;EL ROBLE;9944;34.72;10.19
70;SUCRE;70235;GALERAS;21982;26.99;15.58
70;SUCRE;70265;GUARANDA;17713;58.17;38.17
70;SUCRE;70400;LA UNIÓN;12349;33.41;6.61
70;SUCRE;70418;LOS PALMITOS;22880;22.23;12.33
70;SUCRE;70429;MAJAGUAL;36650;51.65;37.82
70;SUCRE;70473;MORROA;15061;28.51;10.80
70;SUCRE;70508;OVEJAS;22871;29.28;13.41
70;SUCRE;70523;PALMITO;14114;45.15;25.86
70;SUCRE;70670;SAMPUÉS;46455;41.50;18.70
70;SUCRE;70678;SAN BENITO ABAD;28673;36.23;19.94
70;SUCRE;70702;SAN JUAN DE BETULIA;13535;25.40;17.14
70;SUCRE;70708;SAN MARCOS;57672;30.15;12.77
70;SUCRE;70713;SAN ONOFRE;49633;41.91;23.57
70;SUCRE;70717;SAN PEDRO;18590;30.08;18.85
70;SUCRE;70742;SAN LUIS DE SINCÉ;30773;30.72;30.71
70;SUCRE;70771;SUCRE;29552;48.30;36.66
70;SUCRE;70820;SANTIAGO DE TOLÚ;32922;23.75;15.40
70;SUCRE;70823;TOLÚ VIEJO;21339;30.65;35.08
73;TOLIMA;73001;IBAGUÉ;529635;5.42;3.15
73;TOLIMA;73024;ALPUJARRA;4544;12.48;2.69
73;TOLIMA;73026;ALVARADO;8697;14.06;6.30
73;TOLIMA;73030;AMBALEMA;6657;16.48;7.26
73;TOLIMA;73043;ANZOÁTEGUI;10217;20.91;26.26
73;TOLIMA;73055;ARMERO;12696;14.93;8.75
73;TOLIMA;73067;ATACO;19330;34.77;13.72
73;TOLIMA;73124;CAJAMARCA;18471;11.23;10.34
73;TOLIMA;73148;CARMEN DE APICALÁ;10117;8.55;4.95
73;TOLIMA;73152;CASABIANCA;6373;14.90;43.49
73;TOLIMA;73168;CHAPARRAL;50367;21.12;11.36
73;TOLIMA;73200;COELLO;8248;15.73;6.31
73;TOLIMA;73217;COYAIMA;22813;37.57;4.80
73;TOLIMA;73226;CUNDAY;8745;19.03;11.99
73;TOLIMA;73236;DOLORES;8359;17.96;5.51
73;TOLIMA;73268;ESPINAL;70494;8.89;3.81
73;TOLIMA;73270;FALAN;7693;18.78;30.90
73;TOLIMA;73275;FLANDES;28389;7.04;4.57
73;TOLIMA;73283;FRESNO;31069;11.78;23.38
73;TOLIMA;73319;GUAMO;32940;14.34;4.52
73;TOLIMA;73347;HERVEO;7363;15.67;28.20
73;TOLIMA;73349;HONDA;24693;10.30;5.52
73;TOLIMA;73352;ICONONZO;11887;13.43;12.70
73;TOLIMA;73408;LÉRIDA;18574;13.72;7.74
73;TOLIMA;73411;LÍBANO;36773;11.45;17.58
73;TOLIMA;73443;MARIQUITA;37770;12.04;8.61
73;TOLIMA;73449;MELGAR;36536;9.50;4.20
73;TOLIMA;73461;MURILLO;4113;14.49;36.36
73;TOLIMA;73483;NATAGAIMA;14835;20.66;5.10
73;TOLIMA;73504;ORTEGA;34607;28.35;14.55
73;TOLIMA;73520;PALOCABILDO;9730;17.29;35.61
73;TOLIMA;73547;PIEDRAS;6711;12.34;7.96
73;TOLIMA;73555;PLANADAS;25764;30.46;34.01
73;TOLIMA;73563;PRADO;8498;17.71;7.73
73;TOLIMA;73585;PURIFICACIÓN;23536;15.12;6.73
73;TOLIMA;73616;RIOBLANCO;22771;34.08;21.44
73;TOLIMA;73622;RONCESVALLES;5459;16.71;57.69
73;TOLIMA;73624;ROVIRA;21674;20.84;10.66
73;TOLIMA;73671;SALDAÑA;14435;19.95;5.37
73;TOLIMA;73675;SAN ANTONIO;12896;26.26;18.82
73;TOLIMA;73678;SAN LUIS;13553;16.09;2.97
73;TOLIMA;73686;SANTA ISABEL;5769;12.32;47.66
73;TOLIMA;73770;SUÁREZ;3813;18.86;10.85
73;TOLIMA;73854;VALLE DE SAN JUAN;5345;16.46;3.23
73;TOLIMA;73861;VENADILLO;12817;17.98;11.85
73;TOLIMA;73870;VILLAHERMOSA;9283;13.91;42.61
73;TOLIMA;73873;VILLARRICA;5128;17.84;18.15
76;VALLE DEL CAUCA;76001;CALI;2227642;4.11;1.88
76;VALLE DEL CAUCA;76020;ALCALÁ;14062;11.63;11.33
76;VALLE DEL CAUCA;76036;ANDALUCÍA;22436;5.85;3.21
76;VALLE DEL CAUCA;76041;ANSERMANUEVO;17448;12.76;3.55
76;VALLE DEL CAUCA;76054;ARGELIA;5397;15.75;4.04
76;VALLE DEL CAUCA;76100;BOLÍVAR;16021;15.71;6.72
76;VALLE DEL CAUCA;76109;BUENAVENTURA;308188;16.65;27.18
76;VALLE DEL CAUCA;76111;GUADALAJARA DE BUGA;127545;4.19;4.37
76;VALLE DEL CAUCA;76113;BUGALAGRANDE;24318;10.44;7.45
76;VALLE DEL CAUCA;76122;CAICEDONIA;28825;8.46;5.15
76;VALLE DEL CAUCA;76126;CALIMA;18054;8.74;14.48
76;VALLE DEL CAUCA;76130;CANDELARIA;91825;6.44;4.73
76;VALLE DEL CAUCA;76147;CARTAGO;135729;5.40;2.27
76;VALLE DEL CAUCA;76233;DAGUA;48443;10.98;13.58
76;VALLE DEL CAUCA;76243;EL ÁGUILA;8909;13.93;13.19
76;VALLE DEL CAUCA;76246;EL CAIRO;6845;12.30;11.92
76;VALLE DEL CAUCA;76248;EL CERRITO;56470;6.82;2.88
76;VALLE DEL CAUCA;76250;EL DOVIO;8886;16.70;6.97
76;VALLE DEL CAUCA;76275;FLORIDA;57374;8.61;5.36
76;VALLE DEL CAUCA;76306;GINEBRA;22741;5.98;13.07
76;VALLE DEL CAUCA;76318;GUACARÍ;33191;7.18;5.44
76;VALLE DEL CAUCA;76364;JAMUNDÍ;159877;6.56;4.32
76;VALLE DEL CAUCA;76377;LA CUMBRE;16316;9.24;12.00
76;VALLE DEL CAUCA;76400;LA UNIÓN;33953;9.00;3.73
76;VALLE DEL CAUCA;76403;LA VICTORIA;12174;8.37;2.68
76;VALLE DEL CAUCA;76497;OBANDO;12312;12.34;6.26
76;VALLE DEL CAUCA;76520;PALMIRA;349294;4.57;1.90
76;VALLE DEL CAUCA;76563;PRADERA;47615;10.38;6.92
76;VALLE DEL CAUCA;76606;RESTREPO;15307;9.24;5.82
76;VALLE DEL CAUCA;76616;RIOFRÍO;15554;9.19;8.45
76;VALLE DEL CAUCA;76622;ROLDANILLO;36797;5.81;1.93
76;VALLE DEL CAUCA;76670;SAN PEDRO;16942;7.51;4.34
76;VALLE DEL CAUCA;76736;SEVILLA;42133;10.19;7.66
76;VALLE DEL CAUCA;76823;TORO;14612;10.86;3.62
76;VALLE DEL CAUCA;76828;TRUJILLO;19226;14.95;9.24
76;VALLE DEL CAUCA;76834;TULUÁ;212685;5.55;3.54
76;VALLE DEL CAUCA;76845;ULLOA;5465;7.94;9.77
76;VALLE DEL CAUCA;76863;VERSALLES;7263;10.46;8.76
76;VALLE DEL CAUCA;76869;VIJES;12734;7.13;4.33
76;VALLE DEL CAUCA;76890;YOTOCO;16019;8.79;7.34
76;VALLE DEL CAUCA;76892;YUMBO;107334;7.68;6.21
76;VALLE DEL CAUCA;76895;ZARZAL;41925;6.09;2.30
81;ARAUCA;81001;ARAUCA;85585;31.56;23.49
81;ARAUCA;81065;ARAUQUITA;49841;41.56;54.32
81;ARAUCA;81220;CRAVO NORTE;3925;29.83;10.34
81;ARAUCA;81300;FORTUL;18938;34.45;45.16
81;ARAUCA;81591;PUERTO RONDÓN;4399;23.09;12.72
81;ARAUCA;81736;SARAVENA;55554;27.95;34.09
81;ARAUCA;81794;TAME;43932;30.12;29.32
85;CASANARE;85001;YOPAL;168433;11.53;6.63
85;CASANARE;85010;AGUAZUL;36915;14.04;8.69
85;CASANARE;85015;CHAMEZA;2500;17.42;21.39
85;CASANARE;85125;HATO COROZAL;12328;33.04;17.49
85;CASANARE;85136;LA SALINA;1417;24.19;13.07
85;CASANARE;85139;MANÍ;17211;15.74;9.30
85;CASANARE;85162;MONTERREY;17537;8.30;8.28
85;CASANARE;85225;NUNCHÍA;8826;34.04;17.22
85;CASANARE;85230;OROCUÉ;12340;29.92;12.32
85;CASANARE;85250;PAZ DE ARIPORO;36277;22.47;11.42
85;CASANARE;85263;PORE;11967;27.07;12.95
85;CASANARE;85279;RECETOR;1634;28.13;35.57
85;CASANARE;85300;SABANALARGA;3625;11.78;7.51
85;CASANARE;85315;SÁCAMA;2090;30.57;28.93
85;CASANARE;85325;SAN LUIS DE PALENQUE;8466;18.30;7.68
85;CASANARE;85400;TÁMARA;6873;37.56;19.63
85;CASANARE;85410;TAURAMENA;23527;14.61;10.10
85;CASANARE;85430;TRINIDAD;13233;21.57;9.83
85;CASANARE;85440;VILLANUEVA;35305;12.67;10.90
86;PUTUMAYO;86001;MOCOA;56398;10.67;19.86
86;PUTUMAYO;86219;COLÓN;5407;9.96;14.16
86;PUTUMAYO;86320;ORITO;37745;22.74;62.46
86;PUTUMAYO;86568;PUERTO ASÍS;64867;19.34;40.63
86;PUTUMAYO;86569;PUERTO CAICEDO;16095;19.66;50.11
86;PUTUMAYO;86571;PUERTO GUZMÁN;35390;36.17;76.80
86;PUTUMAYO;86573;LEGUÍZAMO;28468;34.11;65.32
86;PUTUMAYO;86749;SIBUNDOY;14940;8.15;18.75
86;PUTUMAYO;86755;SAN FRANCISCO;5645;7.59;23.27
86;PUTUMAYO;86757;SAN MIGUEL;18780;23.02;59.77
86;PUTUMAYO;86760;SANTIAGO;7290;23.67;24.12
86;PUTUMAYO;86865;VALLE DEL GUAMUEZ;33457;16.85;50.76
86;PUTUMAYO;86885;VILLAGARZÓN;23700;14.65;37.70
88;ARCHIPIÉLAGO DE SAN ANDRÉS;88001;SAN ANDRÉS;55291;15.55;10.75
88;ARCHIPIÉLAGO DE SAN ANDRÉS;88564;PROVIDENCIA;5989;8.54;38.55
91;AMAZONAS;91001;LETICIA;48144;27.36;45.39
91;AMAZONAS;91263;EL ENCANTO (ANM);2100;37.51;82.35
91;AMAZONAS;91405;LA CHORRERA (ANM);2967;35.82;87.24
91;AMAZONAS;91407;LA PEDRERA (ANM);3820;78.83;91.04
91;AMAZONAS;91430;LA VICTORIA (ANM);644;90.96;89.66
91;AMAZONAS;91460;MIRITI - PARANÁ (ANM);1850;85.76;96.88
91;AMAZONAS;91530;PUERTO ALEGRÍA (ANM);748;42.88;97.01
91;AMAZONAS;91536;PUERTO ARICA (ANM);1013;34.60;98.59
91;AMAZONAS;91540;PUERTO NARIÑO;9744;41.74;89.16
91;AMAZONAS;91669;PUERTO SANTANDER (ANM);1758;49.49;98.23
91;AMAZONAS;91798;TARAPACÁ (ANM);3801;50.79;98.52
94;GUAINÍA;94001;INÍRIDA;31514;50.80;43.64
94;GUAINÍA;94343;BARRANCO MINAS (ANM);8088;76.26;84.38
94;GUAINÍA;94663;MAPIRIPANA (ANM);1022;64.84;94.03
94;GUAINÍA;94883;SAN FELIPE (ANM);1667;88.39;76.74
94;GUAINÍA;94884;PUERTO COLOMBIA (ANM);1874;95.96;71.74
94;GUAINÍA;94885;LA GUADALUPE (ANM);279;93.63;80.49
94;GUAINÍA;94886;CACAHUAL (ANM);863;71.66;35.11
94;GUAINÍA;94887;PANA PANA (ANM);1899;93.60;42.55
94;GUAINÍA;94888;MORICHAL (ANM);908;92.37;76.36
95;GUAVIARE;95001;SAN JOSÉ DEL GUAVIARE;52815;23.78;29.90
95;GUAVIARE;95015;CALAMAR;9528;40.18;83.85
95;GUAVIARE;95025;EL RETORNO;13653;31.88;68.53
95;GUAVIARE;95200;MIRAFLORES;6771;40.07;92.13
97;VAUPÉS;97001;MITÚ;29850;66.74;78.36
97;VAUPÉS;97161;CARURU;2915;44.35;89.72
97;VAUPÉS;97511;PACOA (ANM);4042;93.65;92.61
97;VAUPÉS;97666;TARAIRA;2215;78.94;93.05
97;VAUPÉS;97777;PAPUNAUA (ANM);727;87.04;99.00
97;VAUPÉS;97889;YAVARATÉ (ANM);1048;76.66;84.27
99;VICHADA;99001;PUERTO CARREÑO;20936;41.98;21.73
99;VICHADA;99524;LA PRIMAVERA;10122;46.58;30.39
99;VICHADA;99624;SANTA ROSALÍA;4059;36.96;22.43
99;VICHADA;99773;CUMARIBO;72691;87.49;74.91
